Date,Time,Positive,Negative,Tweet,Translated_Tweet,Keyword(s),Tweet_link
2022.08.21,13:31,1, ,"RT @io302: æˆäººãŒã‚“æ‚£è€…ãŒä½“èª¿æ‚ªåŒ–ã§å…¥é™¢ã€‚æ–°å‹ã‚³ãƒ­ãƒŠã‚¦ã‚¤ãƒ«ã‚¹æ„ŸæŸ“äºˆé˜²ã§ã‚¤ãƒ™ãƒ«ãƒ¡ã‚¯ãƒãƒ³å†…æœç¶™ç¶šã—ã¦ã„ã¦ã€é™¢å†…ã§ã‚‚é¨’ç„¶ã¨ã—ã¦ã„ãŸã€‚

Twitterä¸Šã§ã¯åãƒ¯ã‚¯ãƒãƒ³ã®ã‚¤ãƒ™ãƒ«ãƒ¡ã‚¯ãƒãƒ³æ•™ã¯æœ‰åãªè©±ã ãŒã€ä¸€èˆ¬é›†å›£ã§ã¯ã¾ã çŸ¥ã‚‰ã‚Œã¦ã„ãªã„ã‚‰ã—ã„ã€‚

æ‚ªåŒ–ã®åŸå› ã¯ã©ã†è€ƒãˆã¦ã‚‚ã‚¤ãƒ™ãƒ«ãƒ¡â€¦","RT @io302: Adult cancer patient hospitalized due to deterioration. He continued to take ivermectin to prevent infection with the new coronavirus, and there was a lot of turmoil in the hospital.

The anti-vaccine ivermectin cult is well-known on Twitter, but apparently still unknown to the general population.

No matter how you look at it, the cause of the deterioration is Ivermeâ€¦",patient,https://twitter.com/twitter/status/1561345301662744576
2022.08.21,13:31,1, ,@partyhike ã§ã‚‚åŒ»ã‚¯ãƒ©ã®çš†æ§˜ã¯è²¬ä»»æŒã£ã¦ãƒ¯ã‚¯ãƒãƒ³æ‰“ã¡ç¶šã‘ã¦ã»ã—ã„ã§ã™ã­ã€‚,@partyhike But I hope everyone in the medical club will continue to vaccinate responsibly.,hope,https://twitter.com/twitter/status/1561345295904288768
2022.08.21,13:31, ,1,RT @IkedaKiyohiko: @2003_nishikyu ãƒ¯ã‚¯ãƒãƒ³ã¯æ™®é€šæ„ŸæŸ“äºˆé˜²ã®ãŸã‚ã«æ‰“ã¤ã‚‚ã®ã§ã™ã€‚ã‚ªãƒŸã‚¯ãƒ­ãƒ³ã«é–¢ã—ã¦ã¯é‡ç—‡åŒ–äºˆé˜²ã®ãŸã‚ã«æ‰“ã¤ã¨ã„ã†ã“ã¨ã§ã™ã‹ã€‚åƒ•ã¯ã‚¨ãƒ“ãƒ‡ãƒ³ã‚¹èã„ãŸã“ã¨ãªã„ã‘ã‚Œã©ã€ã‚ã£ãŸã‚‰æ•™ãˆã¦ãã ã•ã„ã€‚,"RT @IkedaKiyohiko: @2003_nishikyu Vaccines are usually given to prevent infection. Regarding Omicron, do you mean to hit to prevent aggravation? I've never heard of evidence, but if you do, please let me know.",mean,https://twitter.com/twitter/status/1561345289889275905
2022.08.21,13:31, ,1,RT @IkedaKiyohiko: @2003_nishikyu ãƒ¯ã‚¯ãƒãƒ³ã¯æ™®é€šæ„ŸæŸ“äºˆé˜²ã®ãŸã‚ã«æ‰“ã¤ã‚‚ã®ã§ã™ã€‚ã‚ªãƒŸã‚¯ãƒ­ãƒ³ã«é–¢ã—ã¦ã¯é‡ç—‡åŒ–äºˆé˜²ã®ãŸã‚ã«æ‰“ã¤ã¨ã„ã†ã“ã¨ã§ã™ã‹ã€‚åƒ•ã¯ã‚¨ãƒ“ãƒ‡ãƒ³ã‚¹èã„ãŸã“ã¨ãªã„ã‘ã‚Œã©ã€ã‚ã£ãŸã‚‰æ•™ãˆã¦ãã ã•ã„ã€‚,"RT @IkedaKiyohiko: @2003_nishikyu Vaccines are usually given to prevent infection. Regarding Omicron, do you mean to hit to prevent aggravation? I've never heard of evidence, but if you do, please let me know.",never,https://twitter.com/twitter/status/1561345289889275905
2022.08.21,13:31,1, ,"RT @shannn23: 4å›ãƒ¯ã‚¯ãƒãƒ³ã€çœ‰å”¾ã ã¨æ€ã†ã€‚ä»®ç—…èª¬ã«1ç¥¨ã€‚å›½ä¼šé–‹ããŸããªã„ã‹ã‚‰ã­ã€‚
ä¸¸ã”ã¨ã‚«ãƒ«ãƒˆè‡ªæ°‘ã€‚ã‚´ãƒ«ãƒ•ã™ã‚‹ãƒ¡ãƒ³ã‚¿ãƒ«ã€‚ã©ã‚Œã ã‘å¤ªã€…ã—ã„ã‚“ã ï¼
ä»Šé ƒã€ã®ã‚“ã³ã‚Šã‚†ã£ãŸã‚ŠğŸ’¢","RT @shannn23: 4 vaccines, I think it's frowned upon. 1 vote for hypothetical disease. I don't want parliament to open.
A whole cult. Mental to play golf. How fat!
By now, take it easyğŸ’¢",whole,https://twitter.com/twitter/status/1561345289080172544
2022.08.21,13:31, ,1,æ–°å‹ã‚³ãƒ­ãƒŠãƒ¯ã‚¯ãƒãƒ³ã¯äººé–“ã®ã™ã¹ã¦ã®å…ç–«èƒ½åŠ›ã‚’ç ´å£Šã™ã‚‹ https://t.co/wjHRFbzGylâ€¦â€¦ ãƒ•ã‚¡ã‚¤ã‚¶ãƒ¼ç¤¾ã®ç¤¾å†…æ–‡æ›¸ã«ãƒ¯ã‚¯ãƒãƒ³æ¥ç¨®ã—ãŸäººãŒæ¥ç¨®ã—ã¦ã„ãªã„äººï¼ˆç‰¹ã«å¥³ #äº‹å®Ÿ,The new corona vaccine destroys all human immunity https://t.co/wjHRFbzGylâ€¦â€¦ Pfizer's internal document states that people who have been vaccinated have not been vaccinated (especially women #facts,not,https://twitter.com/twitter/status/1561345287092056070
